team_a_total_assists,team_a_total_attempts,team_a_total_tackles,team_a_total_passes_completed,team_a_total_goals,team_a_avg_top_speed,team_a_total_distance_covered,team_b_total_assists,team_b_total_attempts,team_b_total_tackles,team_b_total_passes_completed,team_b_total_goals,team_b_avg_top_speed,team_b_total_distance_covered,match_result
9.0,71.0,47.0,1735.0,10.0,31.505238095238095,462.54,7.0,65.0,57.0,1671.0,10.0,31.611428571428572,443.47,0
9.0,71.0,47.0,1735.0,10.0,31.505238095238095,462.54,3.0,46.0,63.0,1675.0,3.0,30.824347826086957,471.71,0
9.0,71.0,47.0,1735.0,10.0,31.505238095238095,462.54,1.0,47.0,63.0,1244.0,1.0,31.228181818181817,470.95,0
9.0,71.0,47.0,1735.0,10.0,31.505238095238095,462.54,4.0,36.0,51.0,776.0,5.0,30.895454545454548,456.06,0
9.0,71.0,47.0,1735.0,10.0,31.505238095238095,462.54,8.0,81.0,73.0,2647.0,11.0,30.5435,483.94,1
9.0,71.0,47.0,1735.0,10.0,31.505238095238095,462.54,2.0,53.0,39.0,1693.0,3.0,31.286842105263162,465.42,0
9.0,71.0,47.0,1735.0,10.0,31.505238095238095,462.54,7.0,48.0,56.0,1770.0,9.0,31.813499999999998,472.38,1
9.0,71.0,47.0,1735.0,10.0,31.505238095238095,462.54,3.0,81.0,71.0,1879.0,9.0,31.8755,433.52,1
9.0,71.0,47.0,1735.0,10.0,31.505238095238095,462.54,6.0,54.0,40.0,1914.0,7.0,32.1515,457.53,1
9.0,71.0,47.0,1735.0,10.0,31.505238095238095,462.54,6.0,63.0,72.0,1873.0,6.0,30.83,474.25,1
9.0,71.0,47.0,1735.0,10.0,31.505238095238095,462.54,3.0,36.0,41.0,1236.0,4.0,30.74217391304348,433.54,0
9.0,71.0,47.0,1735.0,10.0,31.505238095238095,462.54,14.0,58.0,48.0,1815.0,14.0,30.629166666666666,458.19,1
9.0,71.0,47.0,1735.0,10.0,31.505238095238095,462.54,3.0,76.0,57.0,1915.0,3.0,30.964444444444446,469.05,1
9.0,71.0,47.0,1735.0,10.0,31.505238095238095,462.54,6.0,47.0,52.0,2033.0,5.0,31.4925,482.48,1
9.0,71.0,47.0,1735.0,10.0,31.505238095238095,462.54,1.0,33.0,49.0,1135.0,0.0,30.551,492.98,0
9.0,71.0,47.0,1735.0,10.0,31.505238095238095,462.54,3.0,38.0,69.0,1738.0,5.0,31.43,472.93,0
9.0,71.0,47.0,1735.0,10.0,31.505238095238095,462.54,3.0,54.0,41.0,1631.0,6.0,31.294,462.71000000000004,0
9.0,71.0,47.0,1735.0,10.0,31.505238095238095,462.54,4.0,49.0,60.0,1824.0,7.0,31.376956521739128,476.38,1
9.0,71.0,47.0,1735.0,10.0,31.505238095238095,462.54,4.0,46.0,67.0,1585.0,7.0,30.986,469.05,0
9.0,71.0,47.0,1735.0,10.0,31.505238095238095,462.54,7.0,51.0,43.0,1416.0,9.0,31.90157894736842,461.16,0
9.0,71.0,47.0,1735.0,10.0,31.505238095238095,462.54,7.0,43.0,72.0,1233.0,10.0,30.533809523809527,456.18,0
9.0,71.0,47.0,1735.0,10.0,31.505238095238095,462.54,2.0,47.0,42.0,1652.0,2.0,30.624761904761904,471.05,0
9.0,71.0,47.0,1735.0,10.0,31.505238095238095,462.54,2.0,36.0,54.0,1575.0,2.0,31.676,480.67,0
9.0,71.0,47.0,1735.0,10.0,31.505238095238095,462.54,3.0,84.0,48.0,2514.0,2.0,31.045,471.4,1
9.0,71.0,47.0,1735.0,10.0,31.505238095238095,462.54,6.0,48.0,57.0,1461.0,5.0,31.47391304347826,461.05,0
9.0,71.0,47.0,1735.0,10.0,31.505238095238095,462.54,7.0,63.0,61.0,2144.0,13.0,31.347619047619045,472.0,1
9.0,71.0,47.0,1735.0,10.0,31.505238095238095,462.54,2.0,37.0,62.0,1194.0,2.0,30.965454545454545,434.74,0
9.0,71.0,47.0,1735.0,10.0,31.505238095238095,462.54,4.0,61.0,40.0,1808.0,5.0,31.839473684210528,466.38,1
9.0,71.0,47.0,1735.0,10.0,31.505238095238095,462.54,7.0,92.0,34.0,2615.0,10.0,31.519130434782607,450.8,1
9.0,71.0,47.0,1735.0,10.0,31.505238095238095,462.54,0.0,48.0,67.0,1363.0,0.0,31.017000000000003,461.71999999999997,0
9.0,71.0,47.0,1735.0,10.0,31.505238095238095,462.54,3.0,25.0,55.0,1285.0,5.0,31.383684210526315,472.03000000000003,0
9.0,71.0,47.0,1735.0,10.0,31.505238095238095,462.54,6.0,57.0,62.0,1350.0,8.0,31.410500000000003,464.85,0
9.0,71.0,47.0,1735.0,10.0,31.505238095238095,462.54,2.0,40.0,67.0,1629.0,4.0,30.506086956521738,461.86,0
9.0,71.0,47.0,1735.0,10.0,31.505238095238095,462.54,3.0,54.0,50.0,1578.0,4.0,31.722,474.96,0
7.0,65.0,57.0,1671.0,10.0,31.611428571428572,443.47,3.0,46.0,63.0,1675.0,3.0,30.824347826086957,471.71,0
7.0,65.0,57.0,1671.0,10.0,31.611428571428572,443.47,1.0,47.0,63.0,1244.0,1.0,31.228181818181817,470.95,0
7.0,65.0,57.0,1671.0,10.0,31.611428571428572,443.47,4.0,36.0,51.0,776.0,5.0,30.895454545454548,456.06,0
7.0,65.0,57.0,1671.0,10.0,31.611428571428572,443.47,8.0,81.0,73.0,2647.0,11.0,30.5435,483.94,1
7.0,65.0,57.0,1671.0,10.0,31.611428571428572,443.47,2.0,53.0,39.0,1693.0,3.0,31.286842105263162,465.42,0
7.0,65.0,57.0,1671.0,10.0,31.611428571428572,443.47,7.0,48.0,56.0,1770.0,9.0,31.813499999999998,472.38,1
7.0,65.0,57.0,1671.0,10.0,31.611428571428572,443.47,3.0,81.0,71.0,1879.0,9.0,31.8755,433.52,1
7.0,65.0,57.0,1671.0,10.0,31.611428571428572,443.47,6.0,54.0,40.0,1914.0,7.0,32.1515,457.53,1
7.0,65.0,57.0,1671.0,10.0,31.611428571428572,443.47,6.0,63.0,72.0,1873.0,6.0,30.83,474.25,1
7.0,65.0,57.0,1671.0,10.0,31.611428571428572,443.47,3.0,36.0,41.0,1236.0,4.0,30.74217391304348,433.54,0
7.0,65.0,57.0,1671.0,10.0,31.611428571428572,443.47,14.0,58.0,48.0,1815.0,14.0,30.629166666666666,458.19,1
7.0,65.0,57.0,1671.0,10.0,31.611428571428572,443.47,3.0,76.0,57.0,1915.0,3.0,30.964444444444446,469.05,1
7.0,65.0,57.0,1671.0,10.0,31.611428571428572,443.47,6.0,47.0,52.0,2033.0,5.0,31.4925,482.48,1
7.0,65.0,57.0,1671.0,10.0,31.611428571428572,443.47,1.0,33.0,49.0,1135.0,0.0,30.551,492.98,0
7.0,65.0,57.0,1671.0,10.0,31.611428571428572,443.47,3.0,38.0,69.0,1738.0,5.0,31.43,472.93,1
7.0,65.0,57.0,1671.0,10.0,31.611428571428572,443.47,3.0,54.0,41.0,1631.0,6.0,31.294,462.71000000000004,0
7.0,65.0,57.0,1671.0,10.0,31.611428571428572,443.47,4.0,49.0,60.0,1824.0,7.0,31.376956521739128,476.38,1
7.0,65.0,57.0,1671.0,10.0,31.611428571428572,443.47,4.0,46.0,67.0,1585.0,7.0,30.986,469.05,0
7.0,65.0,57.0,1671.0,10.0,31.611428571428572,443.47,7.0,51.0,43.0,1416.0,9.0,31.90157894736842,461.16,0
7.0,65.0,57.0,1671.0,10.0,31.611428571428572,443.47,7.0,43.0,72.0,1233.0,10.0,30.533809523809527,456.18,0
7.0,65.0,57.0,1671.0,10.0,31.611428571428572,443.47,2.0,47.0,42.0,1652.0,2.0,30.624761904761904,471.05,0
7.0,65.0,57.0,1671.0,10.0,31.611428571428572,443.47,2.0,36.0,54.0,1575.0,2.0,31.676,480.67,0
7.0,65.0,57.0,1671.0,10.0,31.611428571428572,443.47,3.0,84.0,48.0,2514.0,2.0,31.045,471.4,1
7.0,65.0,57.0,1671.0,10.0,31.611428571428572,443.47,6.0,48.0,57.0,1461.0,5.0,31.47391304347826,461.05,0
7.0,65.0,57.0,1671.0,10.0,31.611428571428572,443.47,7.0,63.0,61.0,2144.0,13.0,31.347619047619045,472.0,1
7.0,65.0,57.0,1671.0,10.0,31.611428571428572,443.47,2.0,37.0,62.0,1194.0,2.0,30.965454545454545,434.74,0
7.0,65.0,57.0,1671.0,10.0,31.611428571428572,443.47,4.0,61.0,40.0,1808.0,5.0,31.839473684210528,466.38,1
7.0,65.0,57.0,1671.0,10.0,31.611428571428572,443.47,7.0,92.0,34.0,2615.0,10.0,31.519130434782607,450.8,1
7.0,65.0,57.0,1671.0,10.0,31.611428571428572,443.47,0.0,48.0,67.0,1363.0,0.0,31.017000000000003,461.71999999999997,0
7.0,65.0,57.0,1671.0,10.0,31.611428571428572,443.47,3.0,25.0,55.0,1285.0,5.0,31.383684210526315,472.03000000000003,0
7.0,65.0,57.0,1671.0,10.0,31.611428571428572,443.47,6.0,57.0,62.0,1350.0,8.0,31.410500000000003,464.85,0
7.0,65.0,57.0,1671.0,10.0,31.611428571428572,443.47,2.0,40.0,67.0,1629.0,4.0,30.506086956521738,461.86,0
7.0,65.0,57.0,1671.0,10.0,31.611428571428572,443.47,3.0,54.0,50.0,1578.0,4.0,31.722,474.96,0
3.0,46.0,63.0,1675.0,3.0,30.824347826086957,471.71,1.0,47.0,63.0,1244.0,1.0,31.228181818181817,470.95,0
3.0,46.0,63.0,1675.0,3.0,30.824347826086957,471.71,4.0,36.0,51.0,776.0,5.0,30.895454545454548,456.06,0
3.0,46.0,63.0,1675.0,3.0,30.824347826086957,471.71,8.0,81.0,73.0,2647.0,11.0,30.5435,483.94,1
3.0,46.0,63.0,1675.0,3.0,30.824347826086957,471.71,2.0,53.0,39.0,1693.0,3.0,31.286842105263162,465.42,1
3.0,46.0,63.0,1675.0,3.0,30.824347826086957,471.71,7.0,48.0,56.0,1770.0,9.0,31.813499999999998,472.38,1
3.0,46.0,63.0,1675.0,3.0,30.824347826086957,471.71,3.0,81.0,71.0,1879.0,9.0,31.8755,433.52,1
3.0,46.0,63.0,1675.0,3.0,30.824347826086957,471.71,6.0,54.0,40.0,1914.0,7.0,32.1515,457.53,1
3.0,46.0,63.0,1675.0,3.0,30.824347826086957,471.71,6.0,63.0,72.0,1873.0,6.0,30.83,474.25,1
3.0,46.0,63.0,1675.0,3.0,30.824347826086957,471.71,3.0,36.0,41.0,1236.0,4.0,30.74217391304348,433.54,0
3.0,46.0,63.0,1675.0,3.0,30.824347826086957,471.71,14.0,58.0,48.0,1815.0,14.0,30.629166666666666,458.19,1
3.0,46.0,63.0,1675.0,3.0,30.824347826086957,471.71,3.0,76.0,57.0,1915.0,3.0,30.964444444444446,469.05,1
3.0,46.0,63.0,1675.0,3.0,30.824347826086957,471.71,6.0,47.0,52.0,2033.0,5.0,31.4925,482.48,1
3.0,46.0,63.0,1675.0,3.0,30.824347826086957,471.71,1.0,33.0,49.0,1135.0,0.0,30.551,492.98,0
3.0,46.0,63.0,1675.0,3.0,30.824347826086957,471.71,3.0,38.0,69.0,1738.0,5.0,31.43,472.93,1
3.0,46.0,63.0,1675.0,3.0,30.824347826086957,471.71,3.0,54.0,41.0,1631.0,6.0,31.294,462.71000000000004,0
3.0,46.0,63.0,1675.0,3.0,30.824347826086957,471.71,4.0,49.0,60.0,1824.0,7.0,31.376956521739128,476.38,1
3.0,46.0,63.0,1675.0,3.0,30.824347826086957,471.71,4.0,46.0,67.0,1585.0,7.0,30.986,469.05,0
3.0,46.0,63.0,1675.0,3.0,30.824347826086957,471.71,7.0,51.0,43.0,1416.0,9.0,31.90157894736842,461.16,0
3.0,46.0,63.0,1675.0,3.0,30.824347826086957,471.71,7.0,43.0,72.0,1233.0,10.0,30.533809523809527,456.18,0
3.0,46.0,63.0,1675.0,3.0,30.824347826086957,471.71,2.0,47.0,42.0,1652.0,2.0,30.624761904761904,471.05,0
3.0,46.0,63.0,1675.0,3.0,30.824347826086957,471.71,2.0,36.0,54.0,1575.0,2.0,31.676,480.67,0
3.0,46.0,63.0,1675.0,3.0,30.824347826086957,471.71,3.0,84.0,48.0,2514.0,2.0,31.045,471.4,1
3.0,46.0,63.0,1675.0,3.0,30.824347826086957,471.71,6.0,48.0,57.0,1461.0,5.0,31.47391304347826,461.05,0
3.0,46.0,63.0,1675.0,3.0,30.824347826086957,471.71,7.0,63.0,61.0,2144.0,13.0,31.347619047619045,472.0,1
3.0,46.0,63.0,1675.0,3.0,30.824347826086957,471.71,2.0,37.0,62.0,1194.0,2.0,30.965454545454545,434.74,0
3.0,46.0,63.0,1675.0,3.0,30.824347826086957,471.71,4.0,61.0,40.0,1808.0,5.0,31.839473684210528,466.38,1
3.0,46.0,63.0,1675.0,3.0,30.824347826086957,471.71,7.0,92.0,34.0,2615.0,10.0,31.519130434782607,450.8,1
3.0,46.0,63.0,1675.0,3.0,30.824347826086957,471.71,0.0,48.0,67.0,1363.0,0.0,31.017000000000003,461.71999999999997,0
3.0,46.0,63.0,1675.0,3.0,30.824347826086957,471.71,3.0,25.0,55.0,1285.0,5.0,31.383684210526315,472.03000000000003,0
3.0,46.0,63.0,1675.0,3.0,30.824347826086957,471.71,6.0,57.0,62.0,1350.0,8.0,31.410500000000003,464.85,0
3.0,46.0,63.0,1675.0,3.0,30.824347826086957,471.71,2.0,40.0,67.0,1629.0,4.0,30.506086956521738,461.86,0
3.0,46.0,63.0,1675.0,3.0,30.824347826086957,471.71,3.0,54.0,50.0,1578.0,4.0,31.722,474.96,0
1.0,47.0,63.0,1244.0,1.0,31.228181818181817,470.95,4.0,36.0,51.0,776.0,5.0,30.895454545454548,456.06,0
1.0,47.0,63.0,1244.0,1.0,31.228181818181817,470.95,8.0,81.0,73.0,2647.0,11.0,30.5435,483.94,1
1.0,47.0,63.0,1244.0,1.0,31.228181818181817,470.95,2.0,53.0,39.0,1693.0,3.0,31.286842105263162,465.42,1
1.0,47.0,63.0,1244.0,1.0,31.228181818181817,470.95,7.0,48.0,56.0,1770.0,9.0,31.813499999999998,472.38,1
1.0,47.0,63.0,1244.0,1.0,31.228181818181817,470.95,3.0,81.0,71.0,1879.0,9.0,31.8755,433.52,1
1.0,47.0,63.0,1244.0,1.0,31.228181818181817,470.95,6.0,54.0,40.0,1914.0,7.0,32.1515,457.53,1
1.0,47.0,63.0,1244.0,1.0,31.228181818181817,470.95,6.0,63.0,72.0,1873.0,6.0,30.83,474.25,1
1.0,47.0,63.0,1244.0,1.0,31.228181818181817,470.95,3.0,36.0,41.0,1236.0,4.0,30.74217391304348,433.54,0
1.0,47.0,63.0,1244.0,1.0,31.228181818181817,470.95,14.0,58.0,48.0,1815.0,14.0,30.629166666666666,458.19,1
1.0,47.0,63.0,1244.0,1.0,31.228181818181817,470.95,3.0,76.0,57.0,1915.0,3.0,30.964444444444446,469.05,1
1.0,47.0,63.0,1244.0,1.0,31.228181818181817,470.95,6.0,47.0,52.0,2033.0,5.0,31.4925,482.48,1
1.0,47.0,63.0,1244.0,1.0,31.228181818181817,470.95,1.0,33.0,49.0,1135.0,0.0,30.551,492.98,0
1.0,47.0,63.0,1244.0,1.0,31.228181818181817,470.95,3.0,38.0,69.0,1738.0,5.0,31.43,472.93,1
1.0,47.0,63.0,1244.0,1.0,31.228181818181817,470.95,3.0,54.0,41.0,1631.0,6.0,31.294,462.71000000000004,1
1.0,47.0,63.0,1244.0,1.0,31.228181818181817,470.95,4.0,49.0,60.0,1824.0,7.0,31.376956521739128,476.38,1
1.0,47.0,63.0,1244.0,1.0,31.228181818181817,470.95,4.0,46.0,67.0,1585.0,7.0,30.986,469.05,1
1.0,47.0,63.0,1244.0,1.0,31.228181818181817,470.95,7.0,51.0,43.0,1416.0,9.0,31.90157894736842,461.16,1
1.0,47.0,63.0,1244.0,1.0,31.228181818181817,470.95,7.0,43.0,72.0,1233.0,10.0,30.533809523809527,456.18,1
1.0,47.0,63.0,1244.0,1.0,31.228181818181817,470.95,2.0,47.0,42.0,1652.0,2.0,30.624761904761904,471.05,1
1.0,47.0,63.0,1244.0,1.0,31.228181818181817,470.95,2.0,36.0,54.0,1575.0,2.0,31.676,480.67,1
1.0,47.0,63.0,1244.0,1.0,31.228181818181817,470.95,3.0,84.0,48.0,2514.0,2.0,31.045,471.4,1
1.0,47.0,63.0,1244.0,1.0,31.228181818181817,470.95,6.0,48.0,57.0,1461.0,5.0,31.47391304347826,461.05,1
1.0,47.0,63.0,1244.0,1.0,31.228181818181817,470.95,7.0,63.0,61.0,2144.0,13.0,31.347619047619045,472.0,1
1.0,47.0,63.0,1244.0,1.0,31.228181818181817,470.95,2.0,37.0,62.0,1194.0,2.0,30.965454545454545,434.74,0
1.0,47.0,63.0,1244.0,1.0,31.228181818181817,470.95,4.0,61.0,40.0,1808.0,5.0,31.839473684210528,466.38,1
1.0,47.0,63.0,1244.0,1.0,31.228181818181817,470.95,7.0,92.0,34.0,2615.0,10.0,31.519130434782607,450.8,1
1.0,47.0,63.0,1244.0,1.0,31.228181818181817,470.95,0.0,48.0,67.0,1363.0,0.0,31.017000000000003,461.71999999999997,1
1.0,47.0,63.0,1244.0,1.0,31.228181818181817,470.95,3.0,25.0,55.0,1285.0,5.0,31.383684210526315,472.03000000000003,1
1.0,47.0,63.0,1244.0,1.0,31.228181818181817,470.95,6.0,57.0,62.0,1350.0,8.0,31.410500000000003,464.85,1
1.0,47.0,63.0,1244.0,1.0,31.228181818181817,470.95,2.0,40.0,67.0,1629.0,4.0,30.506086956521738,461.86,1
1.0,47.0,63.0,1244.0,1.0,31.228181818181817,470.95,3.0,54.0,50.0,1578.0,4.0,31.722,474.96,1
4.0,36.0,51.0,776.0,5.0,30.895454545454548,456.06,8.0,81.0,73.0,2647.0,11.0,30.5435,483.94,1
4.0,36.0,51.0,776.0,5.0,30.895454545454548,456.06,2.0,53.0,39.0,1693.0,3.0,31.286842105263162,465.42,1
4.0,36.0,51.0,776.0,5.0,30.895454545454548,456.06,7.0,48.0,56.0,1770.0,9.0,31.813499999999998,472.38,1
4.0,36.0,51.0,776.0,5.0,30.895454545454548,456.06,3.0,81.0,71.0,1879.0,9.0,31.8755,433.52,1
4.0,36.0,51.0,776.0,5.0,30.895454545454548,456.06,6.0,54.0,40.0,1914.0,7.0,32.1515,457.53,1
4.0,36.0,51.0,776.0,5.0,30.895454545454548,456.06,6.0,63.0,72.0,1873.0,6.0,30.83,474.25,1
4.0,36.0,51.0,776.0,5.0,30.895454545454548,456.06,3.0,36.0,41.0,1236.0,4.0,30.74217391304348,433.54,1
4.0,36.0,51.0,776.0,5.0,30.895454545454548,456.06,14.0,58.0,48.0,1815.0,14.0,30.629166666666666,458.19,1
4.0,36.0,51.0,776.0,5.0,30.895454545454548,456.06,3.0,76.0,57.0,1915.0,3.0,30.964444444444446,469.05,1
4.0,36.0,51.0,776.0,5.0,30.895454545454548,456.06,6.0,47.0,52.0,2033.0,5.0,31.4925,482.48,1
4.0,36.0,51.0,776.0,5.0,30.895454545454548,456.06,1.0,33.0,49.0,1135.0,0.0,30.551,492.98,1
4.0,36.0,51.0,776.0,5.0,30.895454545454548,456.06,3.0,38.0,69.0,1738.0,5.0,31.43,472.93,1
4.0,36.0,51.0,776.0,5.0,30.895454545454548,456.06,3.0,54.0,41.0,1631.0,6.0,31.294,462.71000000000004,1
4.0,36.0,51.0,776.0,5.0,30.895454545454548,456.06,4.0,49.0,60.0,1824.0,7.0,31.376956521739128,476.38,1
4.0,36.0,51.0,776.0,5.0,30.895454545454548,456.06,4.0,46.0,67.0,1585.0,7.0,30.986,469.05,1
4.0,36.0,51.0,776.0,5.0,30.895454545454548,456.06,7.0,51.0,43.0,1416.0,9.0,31.90157894736842,461.16,1
4.0,36.0,51.0,776.0,5.0,30.895454545454548,456.06,7.0,43.0,72.0,1233.0,10.0,30.533809523809527,456.18,1
4.0,36.0,51.0,776.0,5.0,30.895454545454548,456.06,2.0,47.0,42.0,1652.0,2.0,30.624761904761904,471.05,1
4.0,36.0,51.0,776.0,5.0,30.895454545454548,456.06,2.0,36.0,54.0,1575.0,2.0,31.676,480.67,1
4.0,36.0,51.0,776.0,5.0,30.895454545454548,456.06,3.0,84.0,48.0,2514.0,2.0,31.045,471.4,1
4.0,36.0,51.0,776.0,5.0,30.895454545454548,456.06,6.0,48.0,57.0,1461.0,5.0,31.47391304347826,461.05,1
4.0,36.0,51.0,776.0,5.0,30.895454545454548,456.06,7.0,63.0,61.0,2144.0,13.0,31.347619047619045,472.0,1
4.0,36.0,51.0,776.0,5.0,30.895454545454548,456.06,2.0,37.0,62.0,1194.0,2.0,30.965454545454545,434.74,1
4.0,36.0,51.0,776.0,5.0,30.895454545454548,456.06,4.0,61.0,40.0,1808.0,5.0,31.839473684210528,466.38,1
4.0,36.0,51.0,776.0,5.0,30.895454545454548,456.06,7.0,92.0,34.0,2615.0,10.0,31.519130434782607,450.8,1
4.0,36.0,51.0,776.0,5.0,30.895454545454548,456.06,0.0,48.0,67.0,1363.0,0.0,31.017000000000003,461.71999999999997,1
4.0,36.0,51.0,776.0,5.0,30.895454545454548,456.06,3.0,25.0,55.0,1285.0,5.0,31.383684210526315,472.03000000000003,1
4.0,36.0,51.0,776.0,5.0,30.895454545454548,456.06,6.0,57.0,62.0,1350.0,8.0,31.410500000000003,464.85,1
4.0,36.0,51.0,776.0,5.0,30.895454545454548,456.06,2.0,40.0,67.0,1629.0,4.0,30.506086956521738,461.86,1
4.0,36.0,51.0,776.0,5.0,30.895454545454548,456.06,3.0,54.0,50.0,1578.0,4.0,31.722,474.96,1
8.0,81.0,73.0,2647.0,11.0,30.5435,483.94,2.0,53.0,39.0,1693.0,3.0,31.286842105263162,465.42,0
8.0,81.0,73.0,2647.0,11.0,30.5435,483.94,7.0,48.0,56.0,1770.0,9.0,31.813499999999998,472.38,0
8.0,81.0,73.0,2647.0,11.0,30.5435,483.94,3.0,81.0,71.0,1879.0,9.0,31.8755,433.52,0
8.0,81.0,73.0,2647.0,11.0,30.5435,483.94,6.0,54.0,40.0,1914.0,7.0,32.1515,457.53,0
8.0,81.0,73.0,2647.0,11.0,30.5435,483.94,6.0,63.0,72.0,1873.0,6.0,30.83,474.25,0
8.0,81.0,73.0,2647.0,11.0,30.5435,483.94,3.0,36.0,41.0,1236.0,4.0,30.74217391304348,433.54,0
8.0,81.0,73.0,2647.0,11.0,30.5435,483.94,14.0,58.0,48.0,1815.0,14.0,30.629166666666666,458.19,0
8.0,81.0,73.0,2647.0,11.0,30.5435,483.94,3.0,76.0,57.0,1915.0,3.0,30.964444444444446,469.05,0
8.0,81.0,73.0,2647.0,11.0,30.5435,483.94,6.0,47.0,52.0,2033.0,5.0,31.4925,482.48,0
8.0,81.0,73.0,2647.0,11.0,30.5435,483.94,1.0,33.0,49.0,1135.0,0.0,30.551,492.98,0
8.0,81.0,73.0,2647.0,11.0,30.5435,483.94,3.0,38.0,69.0,1738.0,5.0,31.43,472.93,0
8.0,81.0,73.0,2647.0,11.0,30.5435,483.94,3.0,54.0,41.0,1631.0,6.0,31.294,462.71000000000004,0
8.0,81.0,73.0,2647.0,11.0,30.5435,483.94,4.0,49.0,60.0,1824.0,7.0,31.376956521739128,476.38,0
8.0,81.0,73.0,2647.0,11.0,30.5435,483.94,4.0,46.0,67.0,1585.0,7.0,30.986,469.05,0
8.0,81.0,73.0,2647.0,11.0,30.5435,483.94,7.0,51.0,43.0,1416.0,9.0,31.90157894736842,461.16,0
8.0,81.0,73.0,2647.0,11.0,30.5435,483.94,7.0,43.0,72.0,1233.0,10.0,30.533809523809527,456.18,0
8.0,81.0,73.0,2647.0,11.0,30.5435,483.94,2.0,47.0,42.0,1652.0,2.0,30.624761904761904,471.05,0
8.0,81.0,73.0,2647.0,11.0,30.5435,483.94,2.0,36.0,54.0,1575.0,2.0,31.676,480.67,0
8.0,81.0,73.0,2647.0,11.0,30.5435,483.94,3.0,84.0,48.0,2514.0,2.0,31.045,471.4,0
8.0,81.0,73.0,2647.0,11.0,30.5435,483.94,6.0,48.0,57.0,1461.0,5.0,31.47391304347826,461.05,0
8.0,81.0,73.0,2647.0,11.0,30.5435,483.94,7.0,63.0,61.0,2144.0,13.0,31.347619047619045,472.0,0
8.0,81.0,73.0,2647.0,11.0,30.5435,483.94,2.0,37.0,62.0,1194.0,2.0,30.965454545454545,434.74,0
8.0,81.0,73.0,2647.0,11.0,30.5435,483.94,4.0,61.0,40.0,1808.0,5.0,31.839473684210528,466.38,0
8.0,81.0,73.0,2647.0,11.0,30.5435,483.94,7.0,92.0,34.0,2615.0,10.0,31.519130434782607,450.8,0
8.0,81.0,73.0,2647.0,11.0,30.5435,483.94,0.0,48.0,67.0,1363.0,0.0,31.017000000000003,461.71999999999997,0
8.0,81.0,73.0,2647.0,11.0,30.5435,483.94,3.0,25.0,55.0,1285.0,5.0,31.383684210526315,472.03000000000003,0
8.0,81.0,73.0,2647.0,11.0,30.5435,483.94,6.0,57.0,62.0,1350.0,8.0,31.410500000000003,464.85,0
8.0,81.0,73.0,2647.0,11.0,30.5435,483.94,2.0,40.0,67.0,1629.0,4.0,30.506086956521738,461.86,0
8.0,81.0,73.0,2647.0,11.0,30.5435,483.94,3.0,54.0,50.0,1578.0,4.0,31.722,474.96,0
2.0,53.0,39.0,1693.0,3.0,31.286842105263162,465.42,7.0,48.0,56.0,1770.0,9.0,31.813499999999998,472.38,1
2.0,53.0,39.0,1693.0,3.0,31.286842105263162,465.42,3.0,81.0,71.0,1879.0,9.0,31.8755,433.52,1
2.0,53.0,39.0,1693.0,3.0,31.286842105263162,465.42,6.0,54.0,40.0,1914.0,7.0,32.1515,457.53,1
2.0,53.0,39.0,1693.0,3.0,31.286842105263162,465.42,6.0,63.0,72.0,1873.0,6.0,30.83,474.25,1
2.0,53.0,39.0,1693.0,3.0,31.286842105263162,465.42,3.0,36.0,41.0,1236.0,4.0,30.74217391304348,433.54,0
2.0,53.0,39.0,1693.0,3.0,31.286842105263162,465.42,14.0,58.0,48.0,1815.0,14.0,30.629166666666666,458.19,1
2.0,53.0,39.0,1693.0,3.0,31.286842105263162,465.42,3.0,76.0,57.0,1915.0,3.0,30.964444444444446,469.05,1
2.0,53.0,39.0,1693.0,3.0,31.286842105263162,465.42,6.0,47.0,52.0,2033.0,5.0,31.4925,482.48,1
2.0,53.0,39.0,1693.0,3.0,31.286842105263162,465.42,1.0,33.0,49.0,1135.0,0.0,30.551,492.98,0
2.0,53.0,39.0,1693.0,3.0,31.286842105263162,465.42,3.0,38.0,69.0,1738.0,5.0,31.43,472.93,1
2.0,53.0,39.0,1693.0,3.0,31.286842105263162,465.42,3.0,54.0,41.0,1631.0,6.0,31.294,462.71000000000004,0
2.0,53.0,39.0,1693.0,3.0,31.286842105263162,465.42,4.0,49.0,60.0,1824.0,7.0,31.376956521739128,476.38,1
2.0,53.0,39.0,1693.0,3.0,31.286842105263162,465.42,4.0,46.0,67.0,1585.0,7.0,30.986,469.05,0
2.0,53.0,39.0,1693.0,3.0,31.286842105263162,465.42,7.0,51.0,43.0,1416.0,9.0,31.90157894736842,461.16,0
2.0,53.0,39.0,1693.0,3.0,31.286842105263162,465.42,7.0,43.0,72.0,1233.0,10.0,30.533809523809527,456.18,0
2.0,53.0,39.0,1693.0,3.0,31.286842105263162,465.42,2.0,47.0,42.0,1652.0,2.0,30.624761904761904,471.05,0
2.0,53.0,39.0,1693.0,3.0,31.286842105263162,465.42,2.0,36.0,54.0,1575.0,2.0,31.676,480.67,0
2.0,53.0,39.0,1693.0,3.0,31.286842105263162,465.42,3.0,84.0,48.0,2514.0,2.0,31.045,471.4,1
2.0,53.0,39.0,1693.0,3.0,31.286842105263162,465.42,6.0,48.0,57.0,1461.0,5.0,31.47391304347826,461.05,0
2.0,53.0,39.0,1693.0,3.0,31.286842105263162,465.42,7.0,63.0,61.0,2144.0,13.0,31.347619047619045,472.0,1
2.0,53.0,39.0,1693.0,3.0,31.286842105263162,465.42,2.0,37.0,62.0,1194.0,2.0,30.965454545454545,434.74,0
2.0,53.0,39.0,1693.0,3.0,31.286842105263162,465.42,4.0,61.0,40.0,1808.0,5.0,31.839473684210528,466.38,1
2.0,53.0,39.0,1693.0,3.0,31.286842105263162,465.42,7.0,92.0,34.0,2615.0,10.0,31.519130434782607,450.8,1
2.0,53.0,39.0,1693.0,3.0,31.286842105263162,465.42,0.0,48.0,67.0,1363.0,0.0,31.017000000000003,461.71999999999997,0
2.0,53.0,39.0,1693.0,3.0,31.286842105263162,465.42,3.0,25.0,55.0,1285.0,5.0,31.383684210526315,472.03000000000003,0
2.0,53.0,39.0,1693.0,3.0,31.286842105263162,465.42,6.0,57.0,62.0,1350.0,8.0,31.410500000000003,464.85,0
2.0,53.0,39.0,1693.0,3.0,31.286842105263162,465.42,2.0,40.0,67.0,1629.0,4.0,30.506086956521738,461.86,0
2.0,53.0,39.0,1693.0,3.0,31.286842105263162,465.42,3.0,54.0,50.0,1578.0,4.0,31.722,474.96,0
7.0,48.0,56.0,1770.0,9.0,31.813499999999998,472.38,3.0,81.0,71.0,1879.0,9.0,31.8755,433.52,1
7.0,48.0,56.0,1770.0,9.0,31.813499999999998,472.38,6.0,54.0,40.0,1914.0,7.0,32.1515,457.53,1
7.0,48.0,56.0,1770.0,9.0,31.813499999999998,472.38,6.0,63.0,72.0,1873.0,6.0,30.83,474.25,1
7.0,48.0,56.0,1770.0,9.0,31.813499999999998,472.38,3.0,36.0,41.0,1236.0,4.0,30.74217391304348,433.54,0
7.0,48.0,56.0,1770.0,9.0,31.813499999999998,472.38,14.0,58.0,48.0,1815.0,14.0,30.629166666666666,458.19,1
7.0,48.0,56.0,1770.0,9.0,31.813499999999998,472.38,3.0,76.0,57.0,1915.0,3.0,30.964444444444446,469.05,1
7.0,48.0,56.0,1770.0,9.0,31.813499999999998,472.38,6.0,47.0,52.0,2033.0,5.0,31.4925,482.48,1
7.0,48.0,56.0,1770.0,9.0,31.813499999999998,472.38,1.0,33.0,49.0,1135.0,0.0,30.551,492.98,0
7.0,48.0,56.0,1770.0,9.0,31.813499999999998,472.38,3.0,38.0,69.0,1738.0,5.0,31.43,472.93,0
7.0,48.0,56.0,1770.0,9.0,31.813499999999998,472.38,3.0,54.0,41.0,1631.0,6.0,31.294,462.71000000000004,0
7.0,48.0,56.0,1770.0,9.0,31.813499999999998,472.38,4.0,49.0,60.0,1824.0,7.0,31.376956521739128,476.38,1
7.0,48.0,56.0,1770.0,9.0,31.813499999999998,472.38,4.0,46.0,67.0,1585.0,7.0,30.986,469.05,0
7.0,48.0,56.0,1770.0,9.0,31.813499999999998,472.38,7.0,51.0,43.0,1416.0,9.0,31.90157894736842,461.16,0
7.0,48.0,56.0,1770.0,9.0,31.813499999999998,472.38,7.0,43.0,72.0,1233.0,10.0,30.533809523809527,456.18,0
7.0,48.0,56.0,1770.0,9.0,31.813499999999998,472.38,2.0,47.0,42.0,1652.0,2.0,30.624761904761904,471.05,0
7.0,48.0,56.0,1770.0,9.0,31.813499999999998,472.38,2.0,36.0,54.0,1575.0,2.0,31.676,480.67,0
7.0,48.0,56.0,1770.0,9.0,31.813499999999998,472.38,3.0,84.0,48.0,2514.0,2.0,31.045,471.4,1
7.0,48.0,56.0,1770.0,9.0,31.813499999999998,472.38,6.0,48.0,57.0,1461.0,5.0,31.47391304347826,461.05,0
7.0,48.0,56.0,1770.0,9.0,31.813499999999998,472.38,7.0,63.0,61.0,2144.0,13.0,31.347619047619045,472.0,1
7.0,48.0,56.0,1770.0,9.0,31.813499999999998,472.38,2.0,37.0,62.0,1194.0,2.0,30.965454545454545,434.74,0
7.0,48.0,56.0,1770.0,9.0,31.813499999999998,472.38,4.0,61.0,40.0,1808.0,5.0,31.839473684210528,466.38,1
7.0,48.0,56.0,1770.0,9.0,31.813499999999998,472.38,7.0,92.0,34.0,2615.0,10.0,31.519130434782607,450.8,1
7.0,48.0,56.0,1770.0,9.0,31.813499999999998,472.38,0.0,48.0,67.0,1363.0,0.0,31.017000000000003,461.71999999999997,0
7.0,48.0,56.0,1770.0,9.0,31.813499999999998,472.38,3.0,25.0,55.0,1285.0,5.0,31.383684210526315,472.03000000000003,0
7.0,48.0,56.0,1770.0,9.0,31.813499999999998,472.38,6.0,57.0,62.0,1350.0,8.0,31.410500000000003,464.85,0
7.0,48.0,56.0,1770.0,9.0,31.813499999999998,472.38,2.0,40.0,67.0,1629.0,4.0,30.506086956521738,461.86,0
7.0,48.0,56.0,1770.0,9.0,31.813499999999998,472.38,3.0,54.0,50.0,1578.0,4.0,31.722,474.96,0
3.0,81.0,71.0,1879.0,9.0,31.8755,433.52,6.0,54.0,40.0,1914.0,7.0,32.1515,457.53,1
3.0,81.0,71.0,1879.0,9.0,31.8755,433.52,6.0,63.0,72.0,1873.0,6.0,30.83,474.25,0
3.0,81.0,71.0,1879.0,9.0,31.8755,433.52,3.0,36.0,41.0,1236.0,4.0,30.74217391304348,433.54,0
3.0,81.0,71.0,1879.0,9.0,31.8755,433.52,14.0,58.0,48.0,1815.0,14.0,30.629166666666666,458.19,0
3.0,81.0,71.0,1879.0,9.0,31.8755,433.52,3.0,76.0,57.0,1915.0,3.0,30.964444444444446,469.05,1
3.0,81.0,71.0,1879.0,9.0,31.8755,433.52,6.0,47.0,52.0,2033.0,5.0,31.4925,482.48,1
3.0,81.0,71.0,1879.0,9.0,31.8755,433.52,1.0,33.0,49.0,1135.0,0.0,30.551,492.98,0
3.0,81.0,71.0,1879.0,9.0,31.8755,433.52,3.0,38.0,69.0,1738.0,5.0,31.43,472.93,0
3.0,81.0,71.0,1879.0,9.0,31.8755,433.52,3.0,54.0,41.0,1631.0,6.0,31.294,462.71000000000004,0
3.0,81.0,71.0,1879.0,9.0,31.8755,433.52,4.0,49.0,60.0,1824.0,7.0,31.376956521739128,476.38,0
3.0,81.0,71.0,1879.0,9.0,31.8755,433.52,4.0,46.0,67.0,1585.0,7.0,30.986,469.05,0
3.0,81.0,71.0,1879.0,9.0,31.8755,433.52,7.0,51.0,43.0,1416.0,9.0,31.90157894736842,461.16,0
3.0,81.0,71.0,1879.0,9.0,31.8755,433.52,7.0,43.0,72.0,1233.0,10.0,30.533809523809527,456.18,0
3.0,81.0,71.0,1879.0,9.0,31.8755,433.52,2.0,47.0,42.0,1652.0,2.0,30.624761904761904,471.05,0
3.0,81.0,71.0,1879.0,9.0,31.8755,433.52,2.0,36.0,54.0,1575.0,2.0,31.676,480.67,0
3.0,81.0,71.0,1879.0,9.0,31.8755,433.52,3.0,84.0,48.0,2514.0,2.0,31.045,471.4,1
3.0,81.0,71.0,1879.0,9.0,31.8755,433.52,6.0,48.0,57.0,1461.0,5.0,31.47391304347826,461.05,0
3.0,81.0,71.0,1879.0,9.0,31.8755,433.52,7.0,63.0,61.0,2144.0,13.0,31.347619047619045,472.0,1
3.0,81.0,71.0,1879.0,9.0,31.8755,433.52,2.0,37.0,62.0,1194.0,2.0,30.965454545454545,434.74,0
3.0,81.0,71.0,1879.0,9.0,31.8755,433.52,4.0,61.0,40.0,1808.0,5.0,31.839473684210528,466.38,0
3.0,81.0,71.0,1879.0,9.0,31.8755,433.52,7.0,92.0,34.0,2615.0,10.0,31.519130434782607,450.8,1
3.0,81.0,71.0,1879.0,9.0,31.8755,433.52,0.0,48.0,67.0,1363.0,0.0,31.017000000000003,461.71999999999997,0
3.0,81.0,71.0,1879.0,9.0,31.8755,433.52,3.0,25.0,55.0,1285.0,5.0,31.383684210526315,472.03000000000003,0
3.0,81.0,71.0,1879.0,9.0,31.8755,433.52,6.0,57.0,62.0,1350.0,8.0,31.410500000000003,464.85,0
3.0,81.0,71.0,1879.0,9.0,31.8755,433.52,2.0,40.0,67.0,1629.0,4.0,30.506086956521738,461.86,0
3.0,81.0,71.0,1879.0,9.0,31.8755,433.52,3.0,54.0,50.0,1578.0,4.0,31.722,474.96,0
6.0,54.0,40.0,1914.0,7.0,32.1515,457.53,6.0,63.0,72.0,1873.0,6.0,30.83,474.25,0
6.0,54.0,40.0,1914.0,7.0,32.1515,457.53,3.0,36.0,41.0,1236.0,4.0,30.74217391304348,433.54,0
6.0,54.0,40.0,1914.0,7.0,32.1515,457.53,14.0,58.0,48.0,1815.0,14.0,30.629166666666666,458.19,0
6.0,54.0,40.0,1914.0,7.0,32.1515,457.53,3.0,76.0,57.0,1915.0,3.0,30.964444444444446,469.05,1
6.0,54.0,40.0,1914.0,7.0,32.1515,457.53,6.0,47.0,52.0,2033.0,5.0,31.4925,482.48,1
6.0,54.0,40.0,1914.0,7.0,32.1515,457.53,1.0,33.0,49.0,1135.0,0.0,30.551,492.98,0
6.0,54.0,40.0,1914.0,7.0,32.1515,457.53,3.0,38.0,69.0,1738.0,5.0,31.43,472.93,0
6.0,54.0,40.0,1914.0,7.0,32.1515,457.53,3.0,54.0,41.0,1631.0,6.0,31.294,462.71000000000004,0
6.0,54.0,40.0,1914.0,7.0,32.1515,457.53,4.0,49.0,60.0,1824.0,7.0,31.376956521739128,476.38,0
6.0,54.0,40.0,1914.0,7.0,32.1515,457.53,4.0,46.0,67.0,1585.0,7.0,30.986,469.05,0
6.0,54.0,40.0,1914.0,7.0,32.1515,457.53,7.0,51.0,43.0,1416.0,9.0,31.90157894736842,461.16,0
6.0,54.0,40.0,1914.0,7.0,32.1515,457.53,7.0,43.0,72.0,1233.0,10.0,30.533809523809527,456.18,0
6.0,54.0,40.0,1914.0,7.0,32.1515,457.53,2.0,47.0,42.0,1652.0,2.0,30.624761904761904,471.05,0
6.0,54.0,40.0,1914.0,7.0,32.1515,457.53,2.0,36.0,54.0,1575.0,2.0,31.676,480.67,0
6.0,54.0,40.0,1914.0,7.0,32.1515,457.53,3.0,84.0,48.0,2514.0,2.0,31.045,471.4,1
6.0,54.0,40.0,1914.0,7.0,32.1515,457.53,6.0,48.0,57.0,1461.0,5.0,31.47391304347826,461.05,0
6.0,54.0,40.0,1914.0,7.0,32.1515,457.53,7.0,63.0,61.0,2144.0,13.0,31.347619047619045,472.0,1
6.0,54.0,40.0,1914.0,7.0,32.1515,457.53,2.0,37.0,62.0,1194.0,2.0,30.965454545454545,434.74,0
6.0,54.0,40.0,1914.0,7.0,32.1515,457.53,4.0,61.0,40.0,1808.0,5.0,31.839473684210528,466.38,0
6.0,54.0,40.0,1914.0,7.0,32.1515,457.53,7.0,92.0,34.0,2615.0,10.0,31.519130434782607,450.8,1
6.0,54.0,40.0,1914.0,7.0,32.1515,457.53,0.0,48.0,67.0,1363.0,0.0,31.017000000000003,461.71999999999997,0
6.0,54.0,40.0,1914.0,7.0,32.1515,457.53,3.0,25.0,55.0,1285.0,5.0,31.383684210526315,472.03000000000003,0
6.0,54.0,40.0,1914.0,7.0,32.1515,457.53,6.0,57.0,62.0,1350.0,8.0,31.410500000000003,464.85,0
6.0,54.0,40.0,1914.0,7.0,32.1515,457.53,2.0,40.0,67.0,1629.0,4.0,30.506086956521738,461.86,0
6.0,54.0,40.0,1914.0,7.0,32.1515,457.53,3.0,54.0,50.0,1578.0,4.0,31.722,474.96,0
6.0,63.0,72.0,1873.0,6.0,30.83,474.25,3.0,36.0,41.0,1236.0,4.0,30.74217391304348,433.54,0
6.0,63.0,72.0,1873.0,6.0,30.83,474.25,14.0,58.0,48.0,1815.0,14.0,30.629166666666666,458.19,0
6.0,63.0,72.0,1873.0,6.0,30.83,474.25,3.0,76.0,57.0,1915.0,3.0,30.964444444444446,469.05,1
6.0,63.0,72.0,1873.0,6.0,30.83,474.25,6.0,47.0,52.0,2033.0,5.0,31.4925,482.48,1
6.0,63.0,72.0,1873.0,6.0,30.83,474.25,1.0,33.0,49.0,1135.0,0.0,30.551,492.98,0
6.0,63.0,72.0,1873.0,6.0,30.83,474.25,3.0,38.0,69.0,1738.0,5.0,31.43,472.93,0
6.0,63.0,72.0,1873.0,6.0,30.83,474.25,3.0,54.0,41.0,1631.0,6.0,31.294,462.71000000000004,0
6.0,63.0,72.0,1873.0,6.0,30.83,474.25,4.0,49.0,60.0,1824.0,7.0,31.376956521739128,476.38,0
6.0,63.0,72.0,1873.0,6.0,30.83,474.25,4.0,46.0,67.0,1585.0,7.0,30.986,469.05,0
6.0,63.0,72.0,1873.0,6.0,30.83,474.25,7.0,51.0,43.0,1416.0,9.0,31.90157894736842,461.16,0
6.0,63.0,72.0,1873.0,6.0,30.83,474.25,7.0,43.0,72.0,1233.0,10.0,30.533809523809527,456.18,0
6.0,63.0,72.0,1873.0,6.0,30.83,474.25,2.0,47.0,42.0,1652.0,2.0,30.624761904761904,471.05,0
6.0,63.0,72.0,1873.0,6.0,30.83,474.25,2.0,36.0,54.0,1575.0,2.0,31.676,480.67,0
6.0,63.0,72.0,1873.0,6.0,30.83,474.25,3.0,84.0,48.0,2514.0,2.0,31.045,471.4,1
6.0,63.0,72.0,1873.0,6.0,30.83,474.25,6.0,48.0,57.0,1461.0,5.0,31.47391304347826,461.05,0
6.0,63.0,72.0,1873.0,6.0,30.83,474.25,7.0,63.0,61.0,2144.0,13.0,31.347619047619045,472.0,1
6.0,63.0,72.0,1873.0,6.0,30.83,474.25,2.0,37.0,62.0,1194.0,2.0,30.965454545454545,434.74,0
6.0,63.0,72.0,1873.0,6.0,30.83,474.25,4.0,61.0,40.0,1808.0,5.0,31.839473684210528,466.38,0
6.0,63.0,72.0,1873.0,6.0,30.83,474.25,7.0,92.0,34.0,2615.0,10.0,31.519130434782607,450.8,1
6.0,63.0,72.0,1873.0,6.0,30.83,474.25,0.0,48.0,67.0,1363.0,0.0,31.017000000000003,461.71999999999997,0
6.0,63.0,72.0,1873.0,6.0,30.83,474.25,3.0,25.0,55.0,1285.0,5.0,31.383684210526315,472.03000000000003,0
6.0,63.0,72.0,1873.0,6.0,30.83,474.25,6.0,57.0,62.0,1350.0,8.0,31.410500000000003,464.85,0
6.0,63.0,72.0,1873.0,6.0,30.83,474.25,2.0,40.0,67.0,1629.0,4.0,30.506086956521738,461.86,0
6.0,63.0,72.0,1873.0,6.0,30.83,474.25,3.0,54.0,50.0,1578.0,4.0,31.722,474.96,0
3.0,36.0,41.0,1236.0,4.0,30.74217391304348,433.54,14.0,58.0,48.0,1815.0,14.0,30.629166666666666,458.19,1
3.0,36.0,41.0,1236.0,4.0,30.74217391304348,433.54,3.0,76.0,57.0,1915.0,3.0,30.964444444444446,469.05,1
3.0,36.0,41.0,1236.0,4.0,30.74217391304348,433.54,6.0,47.0,52.0,2033.0,5.0,31.4925,482.48,1
3.0,36.0,41.0,1236.0,4.0,30.74217391304348,433.54,1.0,33.0,49.0,1135.0,0.0,30.551,492.98,0
3.0,36.0,41.0,1236.0,4.0,30.74217391304348,433.54,3.0,38.0,69.0,1738.0,5.0,31.43,472.93,1
3.0,36.0,41.0,1236.0,4.0,30.74217391304348,433.54,3.0,54.0,41.0,1631.0,6.0,31.294,462.71000000000004,1
3.0,36.0,41.0,1236.0,4.0,30.74217391304348,433.54,4.0,49.0,60.0,1824.0,7.0,31.376956521739128,476.38,1
3.0,36.0,41.0,1236.0,4.0,30.74217391304348,433.54,4.0,46.0,67.0,1585.0,7.0,30.986,469.05,1
3.0,36.0,41.0,1236.0,4.0,30.74217391304348,433.54,7.0,51.0,43.0,1416.0,9.0,31.90157894736842,461.16,1
3.0,36.0,41.0,1236.0,4.0,30.74217391304348,433.54,7.0,43.0,72.0,1233.0,10.0,30.533809523809527,456.18,1
3.0,36.0,41.0,1236.0,4.0,30.74217391304348,433.54,2.0,47.0,42.0,1652.0,2.0,30.624761904761904,471.05,1
3.0,36.0,41.0,1236.0,4.0,30.74217391304348,433.54,2.0,36.0,54.0,1575.0,2.0,31.676,480.67,1
3.0,36.0,41.0,1236.0,4.0,30.74217391304348,433.54,3.0,84.0,48.0,2514.0,2.0,31.045,471.4,1
3.0,36.0,41.0,1236.0,4.0,30.74217391304348,433.54,6.0,48.0,57.0,1461.0,5.0,31.47391304347826,461.05,1
3.0,36.0,41.0,1236.0,4.0,30.74217391304348,433.54,7.0,63.0,61.0,2144.0,13.0,31.347619047619045,472.0,1
3.0,36.0,41.0,1236.0,4.0,30.74217391304348,433.54,2.0,37.0,62.0,1194.0,2.0,30.965454545454545,434.74,0
3.0,36.0,41.0,1236.0,4.0,30.74217391304348,433.54,4.0,61.0,40.0,1808.0,5.0,31.839473684210528,466.38,1
3.0,36.0,41.0,1236.0,4.0,30.74217391304348,433.54,7.0,92.0,34.0,2615.0,10.0,31.519130434782607,450.8,1
3.0,36.0,41.0,1236.0,4.0,30.74217391304348,433.54,0.0,48.0,67.0,1363.0,0.0,31.017000000000003,461.71999999999997,1
3.0,36.0,41.0,1236.0,4.0,30.74217391304348,433.54,3.0,25.0,55.0,1285.0,5.0,31.383684210526315,472.03000000000003,1
3.0,36.0,41.0,1236.0,4.0,30.74217391304348,433.54,6.0,57.0,62.0,1350.0,8.0,31.410500000000003,464.85,1
3.0,36.0,41.0,1236.0,4.0,30.74217391304348,433.54,2.0,40.0,67.0,1629.0,4.0,30.506086956521738,461.86,1
3.0,36.0,41.0,1236.0,4.0,30.74217391304348,433.54,3.0,54.0,50.0,1578.0,4.0,31.722,474.96,1
14.0,58.0,48.0,1815.0,14.0,30.629166666666666,458.19,3.0,76.0,57.0,1915.0,3.0,30.964444444444446,469.05,1
14.0,58.0,48.0,1815.0,14.0,30.629166666666666,458.19,6.0,47.0,52.0,2033.0,5.0,31.4925,482.48,1
14.0,58.0,48.0,1815.0,14.0,30.629166666666666,458.19,1.0,33.0,49.0,1135.0,0.0,30.551,492.98,0
14.0,58.0,48.0,1815.0,14.0,30.629166666666666,458.19,3.0,38.0,69.0,1738.0,5.0,31.43,472.93,0
14.0,58.0,48.0,1815.0,14.0,30.629166666666666,458.19,3.0,54.0,41.0,1631.0,6.0,31.294,462.71000000000004,0
14.0,58.0,48.0,1815.0,14.0,30.629166666666666,458.19,4.0,49.0,60.0,1824.0,7.0,31.376956521739128,476.38,0
14.0,58.0,48.0,1815.0,14.0,30.629166666666666,458.19,4.0,46.0,67.0,1585.0,7.0,30.986,469.05,0
14.0,58.0,48.0,1815.0,14.0,30.629166666666666,458.19,7.0,51.0,43.0,1416.0,9.0,31.90157894736842,461.16,0
14.0,58.0,48.0,1815.0,14.0,30.629166666666666,458.19,7.0,43.0,72.0,1233.0,10.0,30.533809523809527,456.18,0
14.0,58.0,48.0,1815.0,14.0,30.629166666666666,458.19,2.0,47.0,42.0,1652.0,2.0,30.624761904761904,471.05,0
14.0,58.0,48.0,1815.0,14.0,30.629166666666666,458.19,2.0,36.0,54.0,1575.0,2.0,31.676,480.67,0
14.0,58.0,48.0,1815.0,14.0,30.629166666666666,458.19,3.0,84.0,48.0,2514.0,2.0,31.045,471.4,1
14.0,58.0,48.0,1815.0,14.0,30.629166666666666,458.19,6.0,48.0,57.0,1461.0,5.0,31.47391304347826,461.05,0
14.0,58.0,48.0,1815.0,14.0,30.629166666666666,458.19,7.0,63.0,61.0,2144.0,13.0,31.347619047619045,472.0,1
14.0,58.0,48.0,1815.0,14.0,30.629166666666666,458.19,2.0,37.0,62.0,1194.0,2.0,30.965454545454545,434.74,0
14.0,58.0,48.0,1815.0,14.0,30.629166666666666,458.19,4.0,61.0,40.0,1808.0,5.0,31.839473684210528,466.38,0
14.0,58.0,48.0,1815.0,14.0,30.629166666666666,458.19,7.0,92.0,34.0,2615.0,10.0,31.519130434782607,450.8,1
14.0,58.0,48.0,1815.0,14.0,30.629166666666666,458.19,0.0,48.0,67.0,1363.0,0.0,31.017000000000003,461.71999999999997,0
14.0,58.0,48.0,1815.0,14.0,30.629166666666666,458.19,3.0,25.0,55.0,1285.0,5.0,31.383684210526315,472.03000000000003,0
14.0,58.0,48.0,1815.0,14.0,30.629166666666666,458.19,6.0,57.0,62.0,1350.0,8.0,31.410500000000003,464.85,0
14.0,58.0,48.0,1815.0,14.0,30.629166666666666,458.19,2.0,40.0,67.0,1629.0,4.0,30.506086956521738,461.86,0
14.0,58.0,48.0,1815.0,14.0,30.629166666666666,458.19,3.0,54.0,50.0,1578.0,4.0,31.722,474.96,0
3.0,76.0,57.0,1915.0,3.0,30.964444444444446,469.05,6.0,47.0,52.0,2033.0,5.0,31.4925,482.48,1
3.0,76.0,57.0,1915.0,3.0,30.964444444444446,469.05,1.0,33.0,49.0,1135.0,0.0,30.551,492.98,0
3.0,76.0,57.0,1915.0,3.0,30.964444444444446,469.05,3.0,38.0,69.0,1738.0,5.0,31.43,472.93,0
3.0,76.0,57.0,1915.0,3.0,30.964444444444446,469.05,3.0,54.0,41.0,1631.0,6.0,31.294,462.71000000000004,0
3.0,76.0,57.0,1915.0,3.0,30.964444444444446,469.05,4.0,49.0,60.0,1824.0,7.0,31.376956521739128,476.38,0
3.0,76.0,57.0,1915.0,3.0,30.964444444444446,469.05,4.0,46.0,67.0,1585.0,7.0,30.986,469.05,0
3.0,76.0,57.0,1915.0,3.0,30.964444444444446,469.05,7.0,51.0,43.0,1416.0,9.0,31.90157894736842,461.16,0
3.0,76.0,57.0,1915.0,3.0,30.964444444444446,469.05,7.0,43.0,72.0,1233.0,10.0,30.533809523809527,456.18,0
3.0,76.0,57.0,1915.0,3.0,30.964444444444446,469.05,2.0,47.0,42.0,1652.0,2.0,30.624761904761904,471.05,0
3.0,76.0,57.0,1915.0,3.0,30.964444444444446,469.05,2.0,36.0,54.0,1575.0,2.0,31.676,480.67,0
3.0,76.0,57.0,1915.0,3.0,30.964444444444446,469.05,3.0,84.0,48.0,2514.0,2.0,31.045,471.4,1
3.0,76.0,57.0,1915.0,3.0,30.964444444444446,469.05,6.0,48.0,57.0,1461.0,5.0,31.47391304347826,461.05,0
3.0,76.0,57.0,1915.0,3.0,30.964444444444446,469.05,7.0,63.0,61.0,2144.0,13.0,31.347619047619045,472.0,1
3.0,76.0,57.0,1915.0,3.0,30.964444444444446,469.05,2.0,37.0,62.0,1194.0,2.0,30.965454545454545,434.74,0
3.0,76.0,57.0,1915.0,3.0,30.964444444444446,469.05,4.0,61.0,40.0,1808.0,5.0,31.839473684210528,466.38,0
3.0,76.0,57.0,1915.0,3.0,30.964444444444446,469.05,7.0,92.0,34.0,2615.0,10.0,31.519130434782607,450.8,1
3.0,76.0,57.0,1915.0,3.0,30.964444444444446,469.05,0.0,48.0,67.0,1363.0,0.0,31.017000000000003,461.71999999999997,0
3.0,76.0,57.0,1915.0,3.0,30.964444444444446,469.05,3.0,25.0,55.0,1285.0,5.0,31.383684210526315,472.03000000000003,0
3.0,76.0,57.0,1915.0,3.0,30.964444444444446,469.05,6.0,57.0,62.0,1350.0,8.0,31.410500000000003,464.85,0
3.0,76.0,57.0,1915.0,3.0,30.964444444444446,469.05,2.0,40.0,67.0,1629.0,4.0,30.506086956521738,461.86,0
3.0,76.0,57.0,1915.0,3.0,30.964444444444446,469.05,3.0,54.0,50.0,1578.0,4.0,31.722,474.96,0
6.0,47.0,52.0,2033.0,5.0,31.4925,482.48,1.0,33.0,49.0,1135.0,0.0,30.551,492.98,0
6.0,47.0,52.0,2033.0,5.0,31.4925,482.48,3.0,38.0,69.0,1738.0,5.0,31.43,472.93,0
6.0,47.0,52.0,2033.0,5.0,31.4925,482.48,3.0,54.0,41.0,1631.0,6.0,31.294,462.71000000000004,0
6.0,47.0,52.0,2033.0,5.0,31.4925,482.48,4.0,49.0,60.0,1824.0,7.0,31.376956521739128,476.38,0
6.0,47.0,52.0,2033.0,5.0,31.4925,482.48,4.0,46.0,67.0,1585.0,7.0,30.986,469.05,0
6.0,47.0,52.0,2033.0,5.0,31.4925,482.48,7.0,51.0,43.0,1416.0,9.0,31.90157894736842,461.16,0
6.0,47.0,52.0,2033.0,5.0,31.4925,482.48,7.0,43.0,72.0,1233.0,10.0,30.533809523809527,456.18,0
6.0,47.0,52.0,2033.0,5.0,31.4925,482.48,2.0,47.0,42.0,1652.0,2.0,30.624761904761904,471.05,0
6.0,47.0,52.0,2033.0,5.0,31.4925,482.48,2.0,36.0,54.0,1575.0,2.0,31.676,480.67,0
6.0,47.0,52.0,2033.0,5.0,31.4925,482.48,3.0,84.0,48.0,2514.0,2.0,31.045,471.4,1
6.0,47.0,52.0,2033.0,5.0,31.4925,482.48,6.0,48.0,57.0,1461.0,5.0,31.47391304347826,461.05,0
6.0,47.0,52.0,2033.0,5.0,31.4925,482.48,7.0,63.0,61.0,2144.0,13.0,31.347619047619045,472.0,1
6.0,47.0,52.0,2033.0,5.0,31.4925,482.48,2.0,37.0,62.0,1194.0,2.0,30.965454545454545,434.74,0
6.0,47.0,52.0,2033.0,5.0,31.4925,482.48,4.0,61.0,40.0,1808.0,5.0,31.839473684210528,466.38,0
6.0,47.0,52.0,2033.0,5.0,31.4925,482.48,7.0,92.0,34.0,2615.0,10.0,31.519130434782607,450.8,1
6.0,47.0,52.0,2033.0,5.0,31.4925,482.48,0.0,48.0,67.0,1363.0,0.0,31.017000000000003,461.71999999999997,0
6.0,47.0,52.0,2033.0,5.0,31.4925,482.48,3.0,25.0,55.0,1285.0,5.0,31.383684210526315,472.03000000000003,0
6.0,47.0,52.0,2033.0,5.0,31.4925,482.48,6.0,57.0,62.0,1350.0,8.0,31.410500000000003,464.85,0
6.0,47.0,52.0,2033.0,5.0,31.4925,482.48,2.0,40.0,67.0,1629.0,4.0,30.506086956521738,461.86,0
6.0,47.0,52.0,2033.0,5.0,31.4925,482.48,3.0,54.0,50.0,1578.0,4.0,31.722,474.96,0
1.0,33.0,49.0,1135.0,0.0,30.551,492.98,3.0,38.0,69.0,1738.0,5.0,31.43,472.93,1
1.0,33.0,49.0,1135.0,0.0,30.551,492.98,3.0,54.0,41.0,1631.0,6.0,31.294,462.71000000000004,1
1.0,33.0,49.0,1135.0,0.0,30.551,492.98,4.0,49.0,60.0,1824.0,7.0,31.376956521739128,476.38,1
1.0,33.0,49.0,1135.0,0.0,30.551,492.98,4.0,46.0,67.0,1585.0,7.0,30.986,469.05,1
1.0,33.0,49.0,1135.0,0.0,30.551,492.98,7.0,51.0,43.0,1416.0,9.0,31.90157894736842,461.16,1
1.0,33.0,49.0,1135.0,0.0,30.551,492.98,7.0,43.0,72.0,1233.0,10.0,30.533809523809527,456.18,1
1.0,33.0,49.0,1135.0,0.0,30.551,492.98,2.0,47.0,42.0,1652.0,2.0,30.624761904761904,471.05,1
1.0,33.0,49.0,1135.0,0.0,30.551,492.98,2.0,36.0,54.0,1575.0,2.0,31.676,480.67,1
1.0,33.0,49.0,1135.0,0.0,30.551,492.98,3.0,84.0,48.0,2514.0,2.0,31.045,471.4,1
1.0,33.0,49.0,1135.0,0.0,30.551,492.98,6.0,48.0,57.0,1461.0,5.0,31.47391304347826,461.05,1
1.0,33.0,49.0,1135.0,0.0,30.551,492.98,7.0,63.0,61.0,2144.0,13.0,31.347619047619045,472.0,1
1.0,33.0,49.0,1135.0,0.0,30.551,492.98,2.0,37.0,62.0,1194.0,2.0,30.965454545454545,434.74,1
1.0,33.0,49.0,1135.0,0.0,30.551,492.98,4.0,61.0,40.0,1808.0,5.0,31.839473684210528,466.38,1
1.0,33.0,49.0,1135.0,0.0,30.551,492.98,7.0,92.0,34.0,2615.0,10.0,31.519130434782607,450.8,1
1.0,33.0,49.0,1135.0,0.0,30.551,492.98,0.0,48.0,67.0,1363.0,0.0,31.017000000000003,461.71999999999997,1
1.0,33.0,49.0,1135.0,0.0,30.551,492.98,3.0,25.0,55.0,1285.0,5.0,31.383684210526315,472.03000000000003,1
1.0,33.0,49.0,1135.0,0.0,30.551,492.98,6.0,57.0,62.0,1350.0,8.0,31.410500000000003,464.85,1
1.0,33.0,49.0,1135.0,0.0,30.551,492.98,2.0,40.0,67.0,1629.0,4.0,30.506086956521738,461.86,1
1.0,33.0,49.0,1135.0,0.0,30.551,492.98,3.0,54.0,50.0,1578.0,4.0,31.722,474.96,1
3.0,38.0,69.0,1738.0,5.0,31.43,472.93,3.0,54.0,41.0,1631.0,6.0,31.294,462.71000000000004,0
3.0,38.0,69.0,1738.0,5.0,31.43,472.93,4.0,49.0,60.0,1824.0,7.0,31.376956521739128,476.38,1
3.0,38.0,69.0,1738.0,5.0,31.43,472.93,4.0,46.0,67.0,1585.0,7.0,30.986,469.05,0
3.0,38.0,69.0,1738.0,5.0,31.43,472.93,7.0,51.0,43.0,1416.0,9.0,31.90157894736842,461.16,0
3.0,38.0,69.0,1738.0,5.0,31.43,472.93,7.0,43.0,72.0,1233.0,10.0,30.533809523809527,456.18,0
3.0,38.0,69.0,1738.0,5.0,31.43,472.93,2.0,47.0,42.0,1652.0,2.0,30.624761904761904,471.05,0
3.0,38.0,69.0,1738.0,5.0,31.43,472.93,2.0,36.0,54.0,1575.0,2.0,31.676,480.67,0
3.0,38.0,69.0,1738.0,5.0,31.43,472.93,3.0,84.0,48.0,2514.0,2.0,31.045,471.4,1
3.0,38.0,69.0,1738.0,5.0,31.43,472.93,6.0,48.0,57.0,1461.0,5.0,31.47391304347826,461.05,0
3.0,38.0,69.0,1738.0,5.0,31.43,472.93,7.0,63.0,61.0,2144.0,13.0,31.347619047619045,472.0,1
3.0,38.0,69.0,1738.0,5.0,31.43,472.93,2.0,37.0,62.0,1194.0,2.0,30.965454545454545,434.74,0
3.0,38.0,69.0,1738.0,5.0,31.43,472.93,4.0,61.0,40.0,1808.0,5.0,31.839473684210528,466.38,1
3.0,38.0,69.0,1738.0,5.0,31.43,472.93,7.0,92.0,34.0,2615.0,10.0,31.519130434782607,450.8,1
3.0,38.0,69.0,1738.0,5.0,31.43,472.93,0.0,48.0,67.0,1363.0,0.0,31.017000000000003,461.71999999999997,0
3.0,38.0,69.0,1738.0,5.0,31.43,472.93,3.0,25.0,55.0,1285.0,5.0,31.383684210526315,472.03000000000003,0
3.0,38.0,69.0,1738.0,5.0,31.43,472.93,6.0,57.0,62.0,1350.0,8.0,31.410500000000003,464.85,0
3.0,38.0,69.0,1738.0,5.0,31.43,472.93,2.0,40.0,67.0,1629.0,4.0,30.506086956521738,461.86,0
3.0,38.0,69.0,1738.0,5.0,31.43,472.93,3.0,54.0,50.0,1578.0,4.0,31.722,474.96,0
3.0,54.0,41.0,1631.0,6.0,31.294,462.71000000000004,4.0,49.0,60.0,1824.0,7.0,31.376956521739128,476.38,1
3.0,54.0,41.0,1631.0,6.0,31.294,462.71000000000004,4.0,46.0,67.0,1585.0,7.0,30.986,469.05,0
3.0,54.0,41.0,1631.0,6.0,31.294,462.71000000000004,7.0,51.0,43.0,1416.0,9.0,31.90157894736842,461.16,0
3.0,54.0,41.0,1631.0,6.0,31.294,462.71000000000004,7.0,43.0,72.0,1233.0,10.0,30.533809523809527,456.18,0
3.0,54.0,41.0,1631.0,6.0,31.294,462.71000000000004,2.0,47.0,42.0,1652.0,2.0,30.624761904761904,471.05,1
3.0,54.0,41.0,1631.0,6.0,31.294,462.71000000000004,2.0,36.0,54.0,1575.0,2.0,31.676,480.67,0
3.0,54.0,41.0,1631.0,6.0,31.294,462.71000000000004,3.0,84.0,48.0,2514.0,2.0,31.045,471.4,1
3.0,54.0,41.0,1631.0,6.0,31.294,462.71000000000004,6.0,48.0,57.0,1461.0,5.0,31.47391304347826,461.05,0
3.0,54.0,41.0,1631.0,6.0,31.294,462.71000000000004,7.0,63.0,61.0,2144.0,13.0,31.347619047619045,472.0,1
3.0,54.0,41.0,1631.0,6.0,31.294,462.71000000000004,2.0,37.0,62.0,1194.0,2.0,30.965454545454545,434.74,0
3.0,54.0,41.0,1631.0,6.0,31.294,462.71000000000004,4.0,61.0,40.0,1808.0,5.0,31.839473684210528,466.38,1
3.0,54.0,41.0,1631.0,6.0,31.294,462.71000000000004,7.0,92.0,34.0,2615.0,10.0,31.519130434782607,450.8,1
3.0,54.0,41.0,1631.0,6.0,31.294,462.71000000000004,0.0,48.0,67.0,1363.0,0.0,31.017000000000003,461.71999999999997,0
3.0,54.0,41.0,1631.0,6.0,31.294,462.71000000000004,3.0,25.0,55.0,1285.0,5.0,31.383684210526315,472.03000000000003,0
3.0,54.0,41.0,1631.0,6.0,31.294,462.71000000000004,6.0,57.0,62.0,1350.0,8.0,31.410500000000003,464.85,0
3.0,54.0,41.0,1631.0,6.0,31.294,462.71000000000004,2.0,40.0,67.0,1629.0,4.0,30.506086956521738,461.86,0
3.0,54.0,41.0,1631.0,6.0,31.294,462.71000000000004,3.0,54.0,50.0,1578.0,4.0,31.722,474.96,0
4.0,49.0,60.0,1824.0,7.0,31.376956521739128,476.38,4.0,46.0,67.0,1585.0,7.0,30.986,469.05,0
4.0,49.0,60.0,1824.0,7.0,31.376956521739128,476.38,7.0,51.0,43.0,1416.0,9.0,31.90157894736842,461.16,0
4.0,49.0,60.0,1824.0,7.0,31.376956521739128,476.38,7.0,43.0,72.0,1233.0,10.0,30.533809523809527,456.18,0
4.0,49.0,60.0,1824.0,7.0,31.376956521739128,476.38,2.0,47.0,42.0,1652.0,2.0,30.624761904761904,471.05,0
4.0,49.0,60.0,1824.0,7.0,31.376956521739128,476.38,2.0,36.0,54.0,1575.0,2.0,31.676,480.67,0
4.0,49.0,60.0,1824.0,7.0,31.376956521739128,476.38,3.0,84.0,48.0,2514.0,2.0,31.045,471.4,1
4.0,49.0,60.0,1824.0,7.0,31.376956521739128,476.38,6.0,48.0,57.0,1461.0,5.0,31.47391304347826,461.05,0
4.0,49.0,60.0,1824.0,7.0,31.376956521739128,476.38,7.0,63.0,61.0,2144.0,13.0,31.347619047619045,472.0,1
4.0,49.0,60.0,1824.0,7.0,31.376956521739128,476.38,2.0,37.0,62.0,1194.0,2.0,30.965454545454545,434.74,0
4.0,49.0,60.0,1824.0,7.0,31.376956521739128,476.38,4.0,61.0,40.0,1808.0,5.0,31.839473684210528,466.38,0
4.0,49.0,60.0,1824.0,7.0,31.376956521739128,476.38,7.0,92.0,34.0,2615.0,10.0,31.519130434782607,450.8,1
4.0,49.0,60.0,1824.0,7.0,31.376956521739128,476.38,0.0,48.0,67.0,1363.0,0.0,31.017000000000003,461.71999999999997,0
4.0,49.0,60.0,1824.0,7.0,31.376956521739128,476.38,3.0,25.0,55.0,1285.0,5.0,31.383684210526315,472.03000000000003,0
4.0,49.0,60.0,1824.0,7.0,31.376956521739128,476.38,6.0,57.0,62.0,1350.0,8.0,31.410500000000003,464.85,0
4.0,49.0,60.0,1824.0,7.0,31.376956521739128,476.38,2.0,40.0,67.0,1629.0,4.0,30.506086956521738,461.86,0
4.0,49.0,60.0,1824.0,7.0,31.376956521739128,476.38,3.0,54.0,50.0,1578.0,4.0,31.722,474.96,0
4.0,46.0,67.0,1585.0,7.0,30.986,469.05,7.0,51.0,43.0,1416.0,9.0,31.90157894736842,461.16,0
4.0,46.0,67.0,1585.0,7.0,30.986,469.05,7.0,43.0,72.0,1233.0,10.0,30.533809523809527,456.18,0
4.0,46.0,67.0,1585.0,7.0,30.986,469.05,2.0,47.0,42.0,1652.0,2.0,30.624761904761904,471.05,1
4.0,46.0,67.0,1585.0,7.0,30.986,469.05,2.0,36.0,54.0,1575.0,2.0,31.676,480.67,0
4.0,46.0,67.0,1585.0,7.0,30.986,469.05,3.0,84.0,48.0,2514.0,2.0,31.045,471.4,1
4.0,46.0,67.0,1585.0,7.0,30.986,469.05,6.0,48.0,57.0,1461.0,5.0,31.47391304347826,461.05,0
4.0,46.0,67.0,1585.0,7.0,30.986,469.05,7.0,63.0,61.0,2144.0,13.0,31.347619047619045,472.0,1
4.0,46.0,67.0,1585.0,7.0,30.986,469.05,2.0,37.0,62.0,1194.0,2.0,30.965454545454545,434.74,0
4.0,46.0,67.0,1585.0,7.0,30.986,469.05,4.0,61.0,40.0,1808.0,5.0,31.839473684210528,466.38,1
4.0,46.0,67.0,1585.0,7.0,30.986,469.05,7.0,92.0,34.0,2615.0,10.0,31.519130434782607,450.8,1
4.0,46.0,67.0,1585.0,7.0,30.986,469.05,0.0,48.0,67.0,1363.0,0.0,31.017000000000003,461.71999999999997,0
4.0,46.0,67.0,1585.0,7.0,30.986,469.05,3.0,25.0,55.0,1285.0,5.0,31.383684210526315,472.03000000000003,0
4.0,46.0,67.0,1585.0,7.0,30.986,469.05,6.0,57.0,62.0,1350.0,8.0,31.410500000000003,464.85,0
4.0,46.0,67.0,1585.0,7.0,30.986,469.05,2.0,40.0,67.0,1629.0,4.0,30.506086956521738,461.86,1
4.0,46.0,67.0,1585.0,7.0,30.986,469.05,3.0,54.0,50.0,1578.0,4.0,31.722,474.96,0
7.0,51.0,43.0,1416.0,9.0,31.90157894736842,461.16,7.0,43.0,72.0,1233.0,10.0,30.533809523809527,456.18,0
7.0,51.0,43.0,1416.0,9.0,31.90157894736842,461.16,2.0,47.0,42.0,1652.0,2.0,30.624761904761904,471.05,1
7.0,51.0,43.0,1416.0,9.0,31.90157894736842,461.16,2.0,36.0,54.0,1575.0,2.0,31.676,480.67,1
7.0,51.0,43.0,1416.0,9.0,31.90157894736842,461.16,3.0,84.0,48.0,2514.0,2.0,31.045,471.4,1
7.0,51.0,43.0,1416.0,9.0,31.90157894736842,461.16,6.0,48.0,57.0,1461.0,5.0,31.47391304347826,461.05,1
7.0,51.0,43.0,1416.0,9.0,31.90157894736842,461.16,7.0,63.0,61.0,2144.0,13.0,31.347619047619045,472.0,1
7.0,51.0,43.0,1416.0,9.0,31.90157894736842,461.16,2.0,37.0,62.0,1194.0,2.0,30.965454545454545,434.74,0
7.0,51.0,43.0,1416.0,9.0,31.90157894736842,461.16,4.0,61.0,40.0,1808.0,5.0,31.839473684210528,466.38,1
7.0,51.0,43.0,1416.0,9.0,31.90157894736842,461.16,7.0,92.0,34.0,2615.0,10.0,31.519130434782607,450.8,1
7.0,51.0,43.0,1416.0,9.0,31.90157894736842,461.16,0.0,48.0,67.0,1363.0,0.0,31.017000000000003,461.71999999999997,0
7.0,51.0,43.0,1416.0,9.0,31.90157894736842,461.16,3.0,25.0,55.0,1285.0,5.0,31.383684210526315,472.03000000000003,0
7.0,51.0,43.0,1416.0,9.0,31.90157894736842,461.16,6.0,57.0,62.0,1350.0,8.0,31.410500000000003,464.85,0
7.0,51.0,43.0,1416.0,9.0,31.90157894736842,461.16,2.0,40.0,67.0,1629.0,4.0,30.506086956521738,461.86,1
7.0,51.0,43.0,1416.0,9.0,31.90157894736842,461.16,3.0,54.0,50.0,1578.0,4.0,31.722,474.96,1
7.0,43.0,72.0,1233.0,10.0,30.533809523809527,456.18,2.0,47.0,42.0,1652.0,2.0,30.624761904761904,471.05,1
7.0,43.0,72.0,1233.0,10.0,30.533809523809527,456.18,2.0,36.0,54.0,1575.0,2.0,31.676,480.67,1
7.0,43.0,72.0,1233.0,10.0,30.533809523809527,456.18,3.0,84.0,48.0,2514.0,2.0,31.045,471.4,1
7.0,43.0,72.0,1233.0,10.0,30.533809523809527,456.18,6.0,48.0,57.0,1461.0,5.0,31.47391304347826,461.05,1
7.0,43.0,72.0,1233.0,10.0,30.533809523809527,456.18,7.0,63.0,61.0,2144.0,13.0,31.347619047619045,472.0,1
7.0,43.0,72.0,1233.0,10.0,30.533809523809527,456.18,2.0,37.0,62.0,1194.0,2.0,30.965454545454545,434.74,0
7.0,43.0,72.0,1233.0,10.0,30.533809523809527,456.18,4.0,61.0,40.0,1808.0,5.0,31.839473684210528,466.38,1
7.0,43.0,72.0,1233.0,10.0,30.533809523809527,456.18,7.0,92.0,34.0,2615.0,10.0,31.519130434782607,450.8,1
7.0,43.0,72.0,1233.0,10.0,30.533809523809527,456.18,0.0,48.0,67.0,1363.0,0.0,31.017000000000003,461.71999999999997,1
7.0,43.0,72.0,1233.0,10.0,30.533809523809527,456.18,3.0,25.0,55.0,1285.0,5.0,31.383684210526315,472.03000000000003,1
7.0,43.0,72.0,1233.0,10.0,30.533809523809527,456.18,6.0,57.0,62.0,1350.0,8.0,31.410500000000003,464.85,1
7.0,43.0,72.0,1233.0,10.0,30.533809523809527,456.18,2.0,40.0,67.0,1629.0,4.0,30.506086956521738,461.86,1
7.0,43.0,72.0,1233.0,10.0,30.533809523809527,456.18,3.0,54.0,50.0,1578.0,4.0,31.722,474.96,1
2.0,47.0,42.0,1652.0,2.0,30.624761904761904,471.05,2.0,36.0,54.0,1575.0,2.0,31.676,480.67,0
2.0,47.0,42.0,1652.0,2.0,30.624761904761904,471.05,3.0,84.0,48.0,2514.0,2.0,31.045,471.4,1
2.0,47.0,42.0,1652.0,2.0,30.624761904761904,471.05,6.0,48.0,57.0,1461.0,5.0,31.47391304347826,461.05,0
2.0,47.0,42.0,1652.0,2.0,30.624761904761904,471.05,7.0,63.0,61.0,2144.0,13.0,31.347619047619045,472.0,1
2.0,47.0,42.0,1652.0,2.0,30.624761904761904,471.05,2.0,37.0,62.0,1194.0,2.0,30.965454545454545,434.74,0
2.0,47.0,42.0,1652.0,2.0,30.624761904761904,471.05,4.0,61.0,40.0,1808.0,5.0,31.839473684210528,466.38,1
2.0,47.0,42.0,1652.0,2.0,30.624761904761904,471.05,7.0,92.0,34.0,2615.0,10.0,31.519130434782607,450.8,1
2.0,47.0,42.0,1652.0,2.0,30.624761904761904,471.05,0.0,48.0,67.0,1363.0,0.0,31.017000000000003,461.71999999999997,0
2.0,47.0,42.0,1652.0,2.0,30.624761904761904,471.05,3.0,25.0,55.0,1285.0,5.0,31.383684210526315,472.03000000000003,0
2.0,47.0,42.0,1652.0,2.0,30.624761904761904,471.05,6.0,57.0,62.0,1350.0,8.0,31.410500000000003,464.85,0
2.0,47.0,42.0,1652.0,2.0,30.624761904761904,471.05,2.0,40.0,67.0,1629.0,4.0,30.506086956521738,461.86,0
2.0,47.0,42.0,1652.0,2.0,30.624761904761904,471.05,3.0,54.0,50.0,1578.0,4.0,31.722,474.96,0
2.0,36.0,54.0,1575.0,2.0,31.676,480.67,3.0,84.0,48.0,2514.0,2.0,31.045,471.4,1
2.0,36.0,54.0,1575.0,2.0,31.676,480.67,6.0,48.0,57.0,1461.0,5.0,31.47391304347826,461.05,0
2.0,36.0,54.0,1575.0,2.0,31.676,480.67,7.0,63.0,61.0,2144.0,13.0,31.347619047619045,472.0,1
2.0,36.0,54.0,1575.0,2.0,31.676,480.67,2.0,37.0,62.0,1194.0,2.0,30.965454545454545,434.74,0
2.0,36.0,54.0,1575.0,2.0,31.676,480.67,4.0,61.0,40.0,1808.0,5.0,31.839473684210528,466.38,1
2.0,36.0,54.0,1575.0,2.0,31.676,480.67,7.0,92.0,34.0,2615.0,10.0,31.519130434782607,450.8,1
2.0,36.0,54.0,1575.0,2.0,31.676,480.67,0.0,48.0,67.0,1363.0,0.0,31.017000000000003,461.71999999999997,0
2.0,36.0,54.0,1575.0,2.0,31.676,480.67,3.0,25.0,55.0,1285.0,5.0,31.383684210526315,472.03000000000003,0
2.0,36.0,54.0,1575.0,2.0,31.676,480.67,6.0,57.0,62.0,1350.0,8.0,31.410500000000003,464.85,0
2.0,36.0,54.0,1575.0,2.0,31.676,480.67,2.0,40.0,67.0,1629.0,4.0,30.506086956521738,461.86,1
2.0,36.0,54.0,1575.0,2.0,31.676,480.67,3.0,54.0,50.0,1578.0,4.0,31.722,474.96,1
3.0,84.0,48.0,2514.0,2.0,31.045,471.4,6.0,48.0,57.0,1461.0,5.0,31.47391304347826,461.05,0
3.0,84.0,48.0,2514.0,2.0,31.045,471.4,7.0,63.0,61.0,2144.0,13.0,31.347619047619045,472.0,0
3.0,84.0,48.0,2514.0,2.0,31.045,471.4,2.0,37.0,62.0,1194.0,2.0,30.965454545454545,434.74,0
3.0,84.0,48.0,2514.0,2.0,31.045,471.4,4.0,61.0,40.0,1808.0,5.0,31.839473684210528,466.38,0
3.0,84.0,48.0,2514.0,2.0,31.045,471.4,7.0,92.0,34.0,2615.0,10.0,31.519130434782607,450.8,1
3.0,84.0,48.0,2514.0,2.0,31.045,471.4,0.0,48.0,67.0,1363.0,0.0,31.017000000000003,461.71999999999997,0
3.0,84.0,48.0,2514.0,2.0,31.045,471.4,3.0,25.0,55.0,1285.0,5.0,31.383684210526315,472.03000000000003,0
3.0,84.0,48.0,2514.0,2.0,31.045,471.4,6.0,57.0,62.0,1350.0,8.0,31.410500000000003,464.85,0
3.0,84.0,48.0,2514.0,2.0,31.045,471.4,2.0,40.0,67.0,1629.0,4.0,30.506086956521738,461.86,0
3.0,84.0,48.0,2514.0,2.0,31.045,471.4,3.0,54.0,50.0,1578.0,4.0,31.722,474.96,0
6.0,48.0,57.0,1461.0,5.0,31.47391304347826,461.05,7.0,63.0,61.0,2144.0,13.0,31.347619047619045,472.0,1
6.0,48.0,57.0,1461.0,5.0,31.47391304347826,461.05,2.0,37.0,62.0,1194.0,2.0,30.965454545454545,434.74,0
6.0,48.0,57.0,1461.0,5.0,31.47391304347826,461.05,4.0,61.0,40.0,1808.0,5.0,31.839473684210528,466.38,1
6.0,48.0,57.0,1461.0,5.0,31.47391304347826,461.05,7.0,92.0,34.0,2615.0,10.0,31.519130434782607,450.8,1
6.0,48.0,57.0,1461.0,5.0,31.47391304347826,461.05,0.0,48.0,67.0,1363.0,0.0,31.017000000000003,461.71999999999997,0
6.0,48.0,57.0,1461.0,5.0,31.47391304347826,461.05,3.0,25.0,55.0,1285.0,5.0,31.383684210526315,472.03000000000003,0
6.0,48.0,57.0,1461.0,5.0,31.47391304347826,461.05,6.0,57.0,62.0,1350.0,8.0,31.410500000000003,464.85,0
6.0,48.0,57.0,1461.0,5.0,31.47391304347826,461.05,2.0,40.0,67.0,1629.0,4.0,30.506086956521738,461.86,1
6.0,48.0,57.0,1461.0,5.0,31.47391304347826,461.05,3.0,54.0,50.0,1578.0,4.0,31.722,474.96,1
7.0,63.0,61.0,2144.0,13.0,31.347619047619045,472.0,2.0,37.0,62.0,1194.0,2.0,30.965454545454545,434.74,0
7.0,63.0,61.0,2144.0,13.0,31.347619047619045,472.0,4.0,61.0,40.0,1808.0,5.0,31.839473684210528,466.38,0
7.0,63.0,61.0,2144.0,13.0,31.347619047619045,472.0,7.0,92.0,34.0,2615.0,10.0,31.519130434782607,450.8,1
7.0,63.0,61.0,2144.0,13.0,31.347619047619045,472.0,0.0,48.0,67.0,1363.0,0.0,31.017000000000003,461.71999999999997,0
7.0,63.0,61.0,2144.0,13.0,31.347619047619045,472.0,3.0,25.0,55.0,1285.0,5.0,31.383684210526315,472.03000000000003,0
7.0,63.0,61.0,2144.0,13.0,31.347619047619045,472.0,6.0,57.0,62.0,1350.0,8.0,31.410500000000003,464.85,0
7.0,63.0,61.0,2144.0,13.0,31.347619047619045,472.0,2.0,40.0,67.0,1629.0,4.0,30.506086956521738,461.86,0
7.0,63.0,61.0,2144.0,13.0,31.347619047619045,472.0,3.0,54.0,50.0,1578.0,4.0,31.722,474.96,0
2.0,37.0,62.0,1194.0,2.0,30.965454545454545,434.74,4.0,61.0,40.0,1808.0,5.0,31.839473684210528,466.38,1
2.0,37.0,62.0,1194.0,2.0,30.965454545454545,434.74,7.0,92.0,34.0,2615.0,10.0,31.519130434782607,450.8,1
2.0,37.0,62.0,1194.0,2.0,30.965454545454545,434.74,0.0,48.0,67.0,1363.0,0.0,31.017000000000003,461.71999999999997,1
2.0,37.0,62.0,1194.0,2.0,30.965454545454545,434.74,3.0,25.0,55.0,1285.0,5.0,31.383684210526315,472.03000000000003,1
2.0,37.0,62.0,1194.0,2.0,30.965454545454545,434.74,6.0,57.0,62.0,1350.0,8.0,31.410500000000003,464.85,1
2.0,37.0,62.0,1194.0,2.0,30.965454545454545,434.74,2.0,40.0,67.0,1629.0,4.0,30.506086956521738,461.86,1
2.0,37.0,62.0,1194.0,2.0,30.965454545454545,434.74,3.0,54.0,50.0,1578.0,4.0,31.722,474.96,1
4.0,61.0,40.0,1808.0,5.0,31.839473684210528,466.38,7.0,92.0,34.0,2615.0,10.0,31.519130434782607,450.8,1
4.0,61.0,40.0,1808.0,5.0,31.839473684210528,466.38,0.0,48.0,67.0,1363.0,0.0,31.017000000000003,461.71999999999997,0
4.0,61.0,40.0,1808.0,5.0,31.839473684210528,466.38,3.0,25.0,55.0,1285.0,5.0,31.383684210526315,472.03000000000003,0
4.0,61.0,40.0,1808.0,5.0,31.839473684210528,466.38,6.0,57.0,62.0,1350.0,8.0,31.410500000000003,464.85,0
4.0,61.0,40.0,1808.0,5.0,31.839473684210528,466.38,2.0,40.0,67.0,1629.0,4.0,30.506086956521738,461.86,0
4.0,61.0,40.0,1808.0,5.0,31.839473684210528,466.38,3.0,54.0,50.0,1578.0,4.0,31.722,474.96,0
7.0,92.0,34.0,2615.0,10.0,31.519130434782607,450.8,0.0,48.0,67.0,1363.0,0.0,31.017000000000003,461.71999999999997,0
7.0,92.0,34.0,2615.0,10.0,31.519130434782607,450.8,3.0,25.0,55.0,1285.0,5.0,31.383684210526315,472.03000000000003,0
7.0,92.0,34.0,2615.0,10.0,31.519130434782607,450.8,6.0,57.0,62.0,1350.0,8.0,31.410500000000003,464.85,0
7.0,92.0,34.0,2615.0,10.0,31.519130434782607,450.8,2.0,40.0,67.0,1629.0,4.0,30.506086956521738,461.86,0
7.0,92.0,34.0,2615.0,10.0,31.519130434782607,450.8,3.0,54.0,50.0,1578.0,4.0,31.722,474.96,0
0.0,48.0,67.0,1363.0,0.0,31.017000000000003,461.71999999999997,3.0,25.0,55.0,1285.0,5.0,31.383684210526315,472.03000000000003,0
0.0,48.0,67.0,1363.0,0.0,31.017000000000003,461.71999999999997,6.0,57.0,62.0,1350.0,8.0,31.410500000000003,464.85,1
0.0,48.0,67.0,1363.0,0.0,31.017000000000003,461.71999999999997,2.0,40.0,67.0,1629.0,4.0,30.506086956521738,461.86,1
0.0,48.0,67.0,1363.0,0.0,31.017000000000003,461.71999999999997,3.0,54.0,50.0,1578.0,4.0,31.722,474.96,1
3.0,25.0,55.0,1285.0,5.0,31.383684210526315,472.03000000000003,6.0,57.0,62.0,1350.0,8.0,31.410500000000003,464.85,1
3.0,25.0,55.0,1285.0,5.0,31.383684210526315,472.03000000000003,2.0,40.0,67.0,1629.0,4.0,30.506086956521738,461.86,1
3.0,25.0,55.0,1285.0,5.0,31.383684210526315,472.03000000000003,3.0,54.0,50.0,1578.0,4.0,31.722,474.96,1
6.0,57.0,62.0,1350.0,8.0,31.410500000000003,464.85,2.0,40.0,67.0,1629.0,4.0,30.506086956521738,461.86,1
6.0,57.0,62.0,1350.0,8.0,31.410500000000003,464.85,3.0,54.0,50.0,1578.0,4.0,31.722,474.96,1
2.0,40.0,67.0,1629.0,4.0,30.506086956521738,461.86,3.0,54.0,50.0,1578.0,4.0,31.722,474.96,0
